[
    { 
        "id":"asdfghj1",
       "name":"zhangsan",
       "telephone":"01063730587",
       "phone":"13584650090",
       "company":"abd",
       "address":"asd",
       "province":"beijing",
       "city":"beijing",
       "county":"chaoyang",
       "code":"100079",
       "status":1
    },
    { 
        "id":"asdfghj2",
        "name":"张三",
        "telephone":"01063730587",
        "phone":"13584650090",
        "company":"智谷云科技有限公司",
        "address":"北京市丰台区南四环西路186路汉威国际广场",
        "province":"北京",
        "city":"北京市",
        "county":"朝阳区",
        "code":"100079",
        "status":0
    },
    { 
        "id":"asdfghj3",
        "name":"张三",
        "telephone":"01063730587",
        "phone":"13584650090",
        "company":"智谷云科技有限公司",
        "address":"北京市丰台区南四环西路186路汉威国际广场",
        "province":"北京",
        "city":"北京市",
        "county":"朝阳区",
        "code":"100079",
        "status":0
    },
    { 
        "id":"asdfghj4",
        "name":"张三",
        "telephone":"01063730587",
        "phone":"13584650090",
        "company":"智谷云科技有限公司",
        "address":"北京市丰台区南四环西路186路汉威国际广场",
        "province":"北京",
        "city":"北京市",
        "county":"朝阳区",
        "code":"100079",
        "status":1
    }
]