[
    { 
        "id":"asdfghj1",
       "username":"zhangsan",
       "name":"张三",
       "company":"智谷云科技有限公司",
       "telephone":"12345678",
       "status":0
    },
    { 
        "id":"asdfghj2",
       "username":"zhangsan",
       "name":"李四",
       "company":"蔚蓝天空汽车科技有限公司",
       "telephone":"12345678",
       "status":1
    },
    { 
        "id":"asdfghj3",
       "username":"zhangsan",
       "name":"王五",
       "company":"车联网科技有限公司",
       "telephone":"12345678",
       "status":2
    },
    { 
        "id":"asdfghj4",
       "username":"zhangsan",
       "name":"赵六",
       "company":"虚怀若谷科技有限公司",
       "telephone":"12345678",
       "status":1
    }
]