[
    { 
        "sn":"aui20180709141900",
        "status":0,
        "name":"abcd",
        "unit":"L",
        "count":"12",
        "sum":"980.00",
        "time":"2018-02-28",
        "items":[
            {
                "code":"6300",
                "name":"ATF-8B",
                "unit":"L",
                "count":"12",
                "type":"油液类",
                "norm":"箱(1x16L)",
                "sum":"980.00",
                "time":"2018-03-28"
            },
            {
                "code":"6301",
                "name":"ATF-8B",
                "unit":"L",
                "count":"12",
                "type":"油液类",
                "norm":"箱(1x16L)",
                "sum":"980.00",
                "time":"2018-03-28"
            },
            {
                "code":"6302",
                "name":"ATF-8B",
                "unit":"L",
                "count":"12",
                "type":"油液类",
                "norm":"箱(1x16L)",
                "sum":"980.00",
                "time":"2018-03-28"
            },
            {
                "code":"6303",
                "name":"ATF-8B",
                "unit":"L",
                "count":"12",
                "type":"油液类",
                "norm":"箱(1x16L)",
                "sum":"980.00",
                "time":"2018-03-28"
            }
        ]
      
    },
    { 
        "sn":"aui20180709141905",
        "status":1,
        "name":"abcd",
        "unit":"L",
        "count":"12",
        "sum":"980.00",
        "time":"2018-02-28",
        "items":[
            {
                "code":"6322",
                "name":"ATF-7B",
                "unit":"L",
                "count":"12",
                "type":"油液类",
                "norm":"箱(1x16L)",
                "sum":"980.00",
                "time":"2018-03-28",
                "status":0
            }
        ]
      
    },
    { 
        "sn":"aui20180709141910",
        "status":0,
        "name":"abcd",
        "unit":"L",
        "count":"12",
        "sum":"980.00",
        "time":"2018-02-28",
        "items":[
            {
                "code":"6323",
                "name":"ATF-5R",
                "unit":"L",
                "count":"12",
                "type":"油液类",
                "norm":"箱(1x16L)",
                "sum":"980.00",
                "time":"2018-03-28",
                "status":1
            }
        ]
       
    },
    { 
        "sn":"aui20180709142900",
        "status":1,
        "name":"abcd",
        "unit":"L",
        "count":"12",
        "sum":"980.00",
        "time":"2018-02-28",
        "items":[
            {
                "code":"6324",
                "name":"ATF-8R",
                "unit":"L",
                "count":"12",
                "type":"油液类",
                "norm":"箱(1x16L)",
                "sum":"980.00",
                "time":"2018-03-28",
                "status":0
            }
        ]
      
    }
]